,individual,1st_photo,last_photo,bad_picture
1,SP05-EM_220408_OG38_None_0081-F010-00,P1090580,P1090581,reflection or shade
2,SP05-EM_220408_OG38_None_0081-F011-00,P1090583,P1090584,2e bild nicht gemacht
3,SP05-EM_220408_OG38_None_0081-F012-00,P1090588,P1090589,"2 Bild nicht gemacht, reflection"
4,SP05-EM_220408_OG38_None_0081-F013-00,P1090592,,"not all leaves calculated, shadows"
5,SP05-EM_220408_OG38_None_0081-F014-00,P1090595,P1090596,only first pic measured
6,SP05-EM_220408_OG38_None_0081-F015-00,P1090597,P1090599,"only first pic measured, no xx98 picture"
7,SP05-EM_220409_PR26_None_0099-F016-00,P1090734,,
8,SP05-EM_220409_PR26_None_0099-F017-00,P1090738,NA,
9,SP05-EM_220409_PR26_None_0099-F017-00,P1090740,NA,
10,SP05-EM_220409_PR26_None_0099-F018-00,P1090744,NA,
11,SP05-EM_220409_PR26_None_0099-F018-00,P1090745,NA,number attached to leaf
12,SP05-EM_220409_PR26_None_0099-F018-00,P1090746,NA,reflection 
13,SP05-EM_220409_PR26_None_0099-F019-00,P1090749,NA,
14,SP05-EM_220409_PR26_None_0099-F020-00,P1090753,NA,
15,SP05-EM_220409_PR26_None_0099-F021-00,P1090757,P1090758,"2nd picture not measured, 2 leaves not measured in 1st pic"
16,SP05-EM_220409_PR26_None_0099-F022-00,P1090762,NA,
17,SP05-EM_220409_PR26_None_0099-F023-00,P1090766,NA,shadow
18,SP05-EM_220409_PR26_None_0099-F024-00,P1090769,NA,
19,SP05-EM_220409_PR26_None_0099-F025-00,P1090770,NA,shadow
20,SP05-EM_220409_PR26_None_0099-F026-00,P1090773,NA,shadow
21,SP05-EM_220409_PR26_None_0099-F027-00,P1090774,NA,shadow
22,SP05-EM_220405_CR06_None_0101-F001-00,P1090295,,
23,SP05-EM_220405_CR06_None_0101-F002-00,P1090304,,
24,SP05-EM_220405_CR06_None_0101-F003-00,P1090309,P1090310,viereck nicht erkannt
25,SP05-EM_220405_CR06_None_0101-F004-00,P1090314,P1090315,
26,SP05-EM_220405_CR06_None_0101-F004-00,P1090316,NA,
27,SP05-EM_220405_CR06_None_0101-F004-00,P1090317,P1090318,ombre
28,SP05-EM_220405_CR06_None_0101-F005-00,P1090324,,ombre
29,SP05-EM_220406_PR21_None_0102-F006-00,P1090445,,foto fehlt auf first tryout
30,SP05-EM_220406_PR21_None_0102-F007-00,P1090448,,foto fehlt auf first tryout
31,SP05-EM_220406_PR21_None_0102-F007-00,P1090449,NA,
32,SP05-EM_220407_PR21_None_0103-F008-00,P1090473,P1090475,dritte foto fehlt in 1st round
33,SP05-EM_220407_PR21_None_0103-F009-00,P1090477,,dieses Foto wurde nicht genommen
36,SP05-EM_220422_OG49_None_0107-F028-00,P1090929,NA,light shadow problem
37,SP05-EM_220422_OG49_None_0107-F029-00,P1090932,NA,shadow
38,SP05-EM_220422_OG49_None_0107-F030-00,P1090934,NA,no recognition
39,SP05-EM_220422_OG49_None_0107-F031-00,P1090939,NA,shadow
40,SP05-EM_220422_OG49_None_0107-F032-00,P1090941,NA,one leaf in shadow
41,SP05-EM_220422_OG49_None_0107-F033-00,P1090944,NA,
42,SP05-EM_220422_OG49_None_0107-F034-00,P1090947,NA,small leaf no mesarument
43,SP05-EM_220422_CA63_None_0108-F035-00,P1090951,NA,shadow
44,SP05-EM_220422_CA63_None_0108-F035-00,P1090952,NA,shadow
45,SP05-EM_220422_CA63_None_0108-F036-00,P1090954,NA,shadow
46,SP05-EM_220423_OG52_None_0110-F037-00,P1100104,NA,shadow
47,SP05-EM_220423_OG52_None_0110-F038-00,P1100110,NA,no recognition because of leves over margin 
48,SP05-EM_220423_OG52_None_0110-F038-00,P1100112,NA,no recognition because of leves over margin 
49,SP05-ETL_220425_PR34_None_0126-F039-00,P1100277,NA,shadow
50,SP05-ETL_220425_PR34_None_0126-F039-00,P1100278,NA,shadow
51,SP05-ETL_220425_PR34_None_0126-F040-00,P1100283,NA,shadow
52,SP05-ETL_220425_PR34_None_0126-F041-00,P1100286,NA,shadow
53,SP05-ETL_220425_PR34_None_0126-F042-00,P1100288,NA,shadow
54,SP05-ETL_220426_None_None_0127-F043-00,P1100290,NA,shadow
55,SP05-ETL_220426_None_None_0127-F044-00,P1100294,NA,shadow
56,SP05-ETL_220426_None_None_0127-F045-00,P1100297,NA,shadow
57,SP05-ETL_220426_None_None_0127-F046-00,P1100303,NA,shadow
58,SP05-ETL_220426_None_None_0127-F047-00,P1100307,NA,no idea why not?
59,SP05-ETL_220426_None_None_0127-F048-00,P1100310,NA,only one measured
60,SP05-ETL_220426_None_None_0127-F049-00,P1100315,NA,light
61,SP05-ETL_220427_None_None_0128-F050-00,P1100349,NA,shadow
62,SP05-ETL_220427_None_None_0128-F051-00,P1100353,NA,flash
63,SP05-ETL_220427_None_None_0128-F052-00,P1100355,NA,"square wrong, though unsharp leaves perfect xD"
64,SP05-ETL_220427_None_None_0128-F053-00,P1100360,NA,not recognizes
65,SP05-ETL_220427_None_None_0128-F054-00,P1100362,NA,margin touching
66,SP05-ETL_220427_None_None_0128-F054-00,P1100363,NA,margin touching
67,SP05-ETL_220427_None_None_0128-F055-00,P1100366,NA,shadow
68,SP05-ETL_220427_None_None_0128-F056-00,P1100369,NA,shadow
69,SP05-ETL_220428_None_None_0130-F057-00,P1100373,NA,shadow
70,SP05-ETL_220428_None_None_0130-F057-00,P1100375,NA,margins shadow
71,SP05-ETL_220428_None_None_0130-F058-00,P1100379,NA,shadow
72,SP05-ETL_220428_None_None_0130-F058-00,P1100380,NA,shadow
73,SP05-ETL_220428_None_None_0130-F059-00,P1100384,NA,
74,SP05-ETL_220428_None_None_0130-F060-00,P1100386,NA,shadow
75,SP05-ETL_220428_None_None_0130-F061-00,P1100389,NA,shadow
76,SP05-ETL_220428_None_None_0130-F062-00,P1100396,P1100397,only first pict + shadow
77,SP05-ETL_220428_None_None_0130-F063-00,P1100400,NA,shadow
78,SP05-ETL_220428_None_None_0130-F064-00,P1100402,NA,shadow
79,SP05-ETL_220428_None_None_0130-F065-00,P1100405,NA,"light, not recognized"
80,SP05-ETL_220428_None_None_0130-F066-00,P1100411,NA,not all leaves calculated
81,SP05-ETL_220428_None_None_0130-F067-00,P1100414,NA,strange
82,SP05-ETL_220503_PR22_None_0279-F068-00,P1100559,NA,stam not calculated
83,SP05-ETL_220503_PR22_None_0279-F068-00,P1100560,NA,stam not calculated
84,SP05-ETL_220503_PR22_None_0279-F069-00,P1100561,P1100562,"flash, 2nd photo not measured"
85,SP05-ETL_220503_PR22_None_0279-F070-00,P1100563,,
86,SP05-ETL_220503_PR22_None_0279-F070-00,P1100565,NA,
87,SP05-ETL_220503_PR22_None_0279-F070-00,P1100566,NA,
88,SP05-ETL_220503_PR22_None_0279-F070-00,P1100569,,
89,SP05-ETL_220503_PR22_None_0279-F071-00,P1100571,NA,
90,SP05-ETL_220503_PR22_None_0279-F071-00,P1100579,,
91,SP05-ETL_220503_PR22_None_0279-F072-00,P1100584,,1st leaf with number united
92,SP05-ETL_220504_CR05_None_0301-F073-00,P1100628,P1100630,other pictur not measured
93,SP05-ETL_220504_CR05_None_0301-F073-00,P1100631,,
94,SP05-ETL_220504_CR05_None_0301-F073-00,P1100635,,not recognized
95,SP05-ETL_220504_CR05_None_0301-F074-00,P1100637,,
96,SP05-ETL_220504_CR05_None_0301-F074-00,P1100641,,stam not calculated
97,SP05-ETL_220504_CR05_None_0301-F075-00,P1100643,,
98,SP05-ETL_220504_CR05_None_0301-F076-00,P1100645,P1100657,"non perfect, flash or shadow"
99,SP05-ETL_220504_CR05_None_0301-F077-00,P1100648,P1100650,"non perfect, flash or shadow"
100,SP05-ETL_220504_CR05_None_0301-F078-00,P1100651,,
101,SP05-ETL_220504_CR05_None_0301-F079-00,P1100654,,
102,SP05-ETL_220504_CR05_None_0301-F080-00,P1100656,P1100657,second did not measure
103,SP05-ETL_220505_OG39_None_0323-F081-00,P1100852,P1100854,second did not measure
104,SP05-ETL_220505_OG39_None_0323-F082-00,P1100857,P1100858,"no square recognized, shadows, 2nd photo not measured"
105,SP05-ETL_220505_OG39_None_0323-F083-00,P1100862,,
106,SP05-ETL_220505_OG39_None_0323-F084-00,P1100865,P1100866,"wrong square, 2nd pic not measured"
107,SP05-ETL_220505_OG39_None_0323-F084-00,P1100867,,
108,SP05-ETL_220505_OG39_None_0323-F085-00,P1100871,P1100872,"square bigger then real, 2nd photo not measured"
109,SP05-ETL_220505_OG39_None_0323-F086-00,P1100875,,
110,SP05-ETL_220505_OG39_None_0323-F087-00,P1100882,P1100883,2nd picture not measured
111,SP05-ETL_220505_OG39_None_0323-F088-00,P1100886,,2 leaves not measured
112,SP05-ETL_220505_OG39_None_0323-F089-00,P1100898,,
113,SP05-ETL_220505_OG39_None_0323-F089-00,P1100901,,
114,SP05-ETL_220505_OG39_None_0323-F090-01,P1100904,P1100906,not measured at all or because of flesh
115,SP05-ETL_220505_OG39_None_0323-F090-02,P1100909,,
116,SP05-ETL_220505_OG39_None_0323-F091-00,P1100911,,
117,SP05-ETL_220505_OG39_None_0323-F091-00,P1100915,,not measured
118,SP05-ETL_220509_CR04_None_0341-F092-00,P1110012,NA,
119,SP05-ETL_220509_CR04_None_0341-F092-00,P1110013,NA,some flashlight on last leaf
120,SP05-ETL_220509_CR04_None_0341-F093-00,P1110018,P1110019,2nd pic not measured
121,SP05-ETL_220509_CR04_None_0341-F093-00,P1110020,NA,
122,SP05-ETL_220509_CR04_None_0341-F093-00,P1110022,,number measured with leaf
123,SP05-ETL_220509_CR04_None_0341-F094-00,P1110028,,one leaf missing
124,SP05-ETL_220509_CR04_None_0341-F095-00,P1110033,P1110034,2nd pic not measured
125,SP05-ETL_220509_CR04_None_0341-F095-00,P1110035,,
126,SP05-ETL_220509_CR04_None_0341-F096-00,P1110038,,
127,SP05-ETL_220509_CR04_None_0341-F097-00,P1110046,NA,"leaf partially out, light"
128,SP05-ETL_220509_CR04_None_0341-F097-00,P1110048,NA,light
129,SP05-ETL_220509_CR04_None_0341-F097-00,P1110049,NA,light
130,SP05-ETL_220509_CR04_None_0341-F097-00,P1110050,NA,light
131,SP05-ETL_220510_CR02_None_0359-F098-00,P1110127,,not perfect
132,SP05-ETL_220510_CR02_None_0359-F098-00,P1110129,P1110130,did not work
133,SP05-ETL_220510_CR02_None_0359-F098-00,P1110131,NA,did not work
134,SP05-ETL_220510_CR02_None_0359-F098-00,P1110132,NA,
135,SP05-ETL_220510_CR02_None_0359-F098-00,P1110134,NA,shadow
136,SP05-ETL_220510_CR02_None_0359-F099-00,P1110137,P1110138,"margin leaf shadow, 2nd pic not measured"
137,SP05-ETL_220510_CR02_None_0359-F099-00,P1110139,P1110140,"stam not calculated, 2nd pic not measured"
138,SP05-ETL_220510_CR02_None_0359-F099-00,P1110141,P1110142,"stam not calculated, 2nd pic not measured"
139,SP05-ETL_220510_CR02_None_0359-F099-00,P1110143,NA,
140,SP05-ETL_220510_CR02_None_0359-F099-00,P1110144,NA,shadow
141,SP05-ETL_220510_CR02_None_0359-F099-00,P1110145,NA,
142,SP05-ETL_220510_CR02_None_0359-F100-00,P1110147,NA,
143,SP05-ETL_220510_CR02_None_0359-F100-00,P1110148,NA,
144,SP05-ETL_220510_CR02_None_0359-F101-00,P1110153,P1110154,"wrong, shadows, square not found, 2nd pic not measured"
145,SP05-ETL_220510_CR02_None_0359-F102-00,P1110156,,
146,SP05-ETL_220510_CR02_None_0359-F103-00,P1110161,,
147,SP05-ETL_220510_CR02_None_0359-F104-00,P1110166,,leaf margin to wide
148,SP05-ETL_220510_CR02_None_0359-F105-00,P1110170,P1110171,"not all photos measured, 2nd pic not measured"
149,SP05-ETL_220510_CR02_None_0359-F105-00,P1110174,NA,
150,SP05-ETL_220510_CR02_None_0359-F106-00,P1110175,P1110176,2nd pic not measured
151,SP05-ETL_220510_CR02_None_0359-F107-00,P1110178,P1110179,"leaf margin shadow, 2nd pic not measured"
152,SP05-ETL_220510_CR02_None_0359-F107-00,P1110180,,
153,SP05-ETL_220521_OG46_None_0377-F108-00,P1110431,P1110432,"not good, 2nd pic not measured"
154,SP05-ETL_220521_OG46_None_0377-F109-00,P1110435,NA,shadow
155,SP05-ETL_220521_OG46_None_0377-F110-00,P1110440,NA,
156,SP05-ETL_220521_OG46_None_0377-F111-00,P1110444,NA,
157,SP05-ETL_220521_OG46_None_0377-F112-00,P1110447,NA,
158,SP05-ETL_220521_OG46_None_0377-F113-00,P1110450,NA,shadow
159,SP05-ETL_220521_OG46_None_0377-F114-00,P1110454,NA,flash on middle leaf
160,SP05-ETL_220521_OG46_None_0377-F115-00,P1110458,NA,
161,SP05-ETL_220521_OG46_None_0377-F116-00,P1110461,NA,"square not good, 1 leaf not measured"
162,SP05-ETL_220521_OG46_None_0377-F117-00,P1110464,NA,"margin shadow, 2nd leaf not measured"
163,SP05-ETL_220522_OG45_None_0381-F118-00,P1110568,NA,not good
164,SP05-ETL_220522_OG45_None_0381-F118-00,P1110570,P1110572,"margins, leaf out of frame, other pictures not measured"
165,SP05-ETL_220522_OG45_None_0381-F118-00,P1110573,P1110575,"margin shadows, other pictures not measured"
166,SP05-ETL_220522_OG45_None_0381-F118-00,P1110576,P1110579,"margin shadows, other pictures not measured"
167,SP05-ETL_220522_OG45_None_0381-F118-00,P1110581,P1110583,"margin shadows, other pictures not measured"
168,SP05-ETL_220522_OG45_None_0381-F119-00,P1110584,NA,margins shadows
169,SP05-ETL_220522_OG45_None_0381-F119-00,P1110585,NA,margins shadows
170,SP05-ETL_220522_OG45_None_0381-F120-00,P1110586,NA,margins shadows
171,SP05-ETL_220522_OG45_None_0381-F120-00,P1110587,NA,margins shadows
172,SP05-ETL_220522_OG45_None_0381-F121-00,P1110592,NA,
173,SP05-ETL_220522_OG45_None_0381-F122-00,P1110593,NA,
174,SP05-ETL_220522_OG45_None_0381-F123-00,P1110598,P1110599,margins shadows
176,SP05-ETL_220522_OG45_None_0381-F123-00,P1110599,NA,"flash, margins shadows"
177,SP05-ETL_220522_OG45_None_0381-F123-00,P1110600,P1110601,"margins shadows, 2nd pic measurment missing"
178,SP05-ETL_220522_OG45_None_0381-F123-00,P1110602,NA,"margin shadows, flash"
179,SP05-ETL_220522_OG45_None_0381-F123-00,P1110603,NA,"margin shadows, flash"
180,SP05-ETL_220522_OG45_None_0381-F123-00,P1110604,NA,not good
181,SP05-ETL_220522_OG45_None_0381-F124-00,P1110605,NA,square wrong selection
182,SP05-ETL_220522_OG45_None_0381-F124-00,P1110607,NA,"square wrong, margin shadows"
183,SP05-ETL_220522_OG45_None_0381-F125-00,P1110610,NA,square wrong
184,SP05-ETL_220522_OG45_None_0381-F126-00,P1110615,NA,flash
185,SP05-ETL_220522_OG45_None_0381-F127-00,P1110616,NA,"not good, square not on picture :("
186,SP05-ETL_220522_OG45_None_0381-F128-00,P1110620,NA,
187,SP05-ETL_220523_PR31_None_0383-F129-00,P1110709,P1110711,"margin shadows, last pic measurment missing"
188,SP05-ETL_220523_PR31_None_0383-F129-00,P1110712,P1110714,"margin shadows, last pic measurment missing"
189,SP05-ETL_220523_PR31_None_0383-F129-00,P1110715,P1110717,"margin shadows, last pic measurment missing"
190,SP05-ETL_220523_PR31_None_0383-F130-00,P1110720,NA,margin shadow
191,SP05-ETL_220523_PR31_None_0383-F130-00,P1110721,NA,
192,SP05-ETL_220523_PR31_None_0383-F131-00,P1110722,NA,margin shadow
193,SP05-ETL_220523_PR31_None_0383-F131-00,P1110723,NA,margin shadow
194,SP05-ETL_220523_PR31_None_0383-F132-00,P1110724,NA,margin shadow
195,SP05-ETL_220523_PR31_None_0383-F133-00,P1110727,NA,margin shadow
196,SP05-ETL_220523_PR31_None_0383-F133-00,P1110728,NA,stem not calculated
197,SP05-ETL_220523_PR31_None_0383-F133-00,P1110729,NA,margin shadow
198,SP05-ETL_220523_PR31_None_0383-F134-00,P1110732,NA,margin shadow
199,SP05-ETL_220523_PR31_None_0383-F135-00,P1110736,NA,stem parts missing
200,SP05-ETL_220523_PR31_None_0383-F135-00,P1110737,NA,
201,SP05-ETL_220523_PR31_None_0383-F136-00,P1110741,NA,"margin shadow, tip not measured"
202,SP05-ETL_220523_PR31_None_0383-F137-00,P1110742,NA,square wrong selection
203,SP05-ETL_220523_PR31_None_0383-F138-00,P1110746,NA,one leaf not measured
204,SP05-ETL_220523_PR31_None_0383-F139-00,P1110749,NA,two leaves not measured
205,SP05-ETL_220523_PR31_None_0383-F140-00,P1110750,NA,1 leaf not measured
206,SP05-ETL_220524_CR11_None_0385-F141-00,P1110805,NA,shadow
207,SP05-ETL_220524_CR11_None_0385-F141-00,P1110806,NA,shadow
208,SP05-ETL_220524_CR11_None_0385-F142-00,P1110811,NA,margin shadow
209,SP05-ETL_220524_CR11_None_0385-F142-00,P1110812,NA,margin shadow
210,SP05-ETL_220524_CR11_None_0385-F143-00,P1110816,NA,
211,SP05-ETL_220524_CR11_None_0385-F143-00,P1110817,NA,margin shadow
212,SP05-ETL_220524_CR11_None_0385-F144-00,P1110820,NA,margin shadow
213,SP05-ETL_220524_CR11_None_0385-F145-00,P1110824,NA,slightly margin shadow
214,SP05-ETL_220524_CR11_None_0385-F145-00,P1110825,NA,slightly margin shadow
215,SP05-ETL_220524_CR11_None_0385-F146-00,P1110829,NA,
216,SP05-ETL_220524_CR11_None_0385-F147-00,P1110835,NA,slightly margin shadow
217,SP05-ETL_220524_CR11_None_0385-F148-00,P1110836,NA,
218,SP05-ETL_220524_CR10_None_0386-F149-00,P1110840,NA,not recognize
219,SP05-ETL_220524_CR10_None_0386-F150-00,P1110838,NA,
220,SP05-ETL_220524_CR10_None_0386-F151-00,P1110843,NA,flash
221,SP05-ETL_220524_CR10_None_0386-F152-00,P1110845,NA,flash
222,SP05-ETL_220526_CR09_None_0468-F153-00,P1110961,NA,flash
223,SP05-ETL_220526_CR09_None_0468-F154-00,P1110965,NA,not all leaves recognized
224,SP05-ETL_220526_CR09_None_0468-F155-00,P1110967,NA,
225,SP05-ETL_220526_CR09_None_0468-F156-00,P1110975,NA,
226,SP05-ETL_220526_CR09_None_0468-F157-00,P1110979,NA,not recognize
227,SP05-ETL_220526_CR09_None_0468-F158-00,P1110980,NA,margin
228,SP05-ETL_220526_CR09_None_0468-F159-00,P1110983,NA,
229,SP05-ETL_220526_CR09_None_0468-F159-00,P1110987,NA,light
230,SP05-ETL_220526_CR09_None_0468-F160-00,P1110990,NA,margin
231,SP05-ETL_220526_CR09_None_0468-F161-00,P1110991,NA,
232,SP05-ETL_220526_CR09_None_0468-F162-00,P1110993,NA,
233,SP05-ETL_220526_CR09_None_0468-F162-00,P1110994,NA,
234,SP05-ETL_220526_CR09_None_0468-F163-00,P1110995,NA,
235,SP05-ETL_220526_CR09_None_0468-F163-00,P1110996,NA,flash on leaf
236,SP05-ETL_220526_CR09_None_0468-F163-00,P1110997,NA,"composed leaf, white area in between calculated"
237,SP05-ETL_220526_CR09_None_0468-F164-00,P1110998,NA,
238,SP05-ETL_220526_CR09_None_0468-F165-00,P1120005,NA,reflection 
239,SP05-ETL_220526_CR09_None_0468-F166-00,P1120008,NA,"flash, numbers connected to leaves"
240,SP05-ETL_220526_CR09_None_0468-F167-00,P1120010,NA,
241,SP05-ETL_220526_CR09_None_0468-F168-00,P1120011,NA,not all leaves measured
242,SP05-ETL_220526_CR09_None_0468-F169-00,P1120014,NA,
243,SP05-ETL_220526_CR09_None_0468-F170-00,P1120015,NA,
244,SP05-ETL_220526_CR09_None_0468-F171-00,P1120023,NA,one leaf not measured
245,SP05-ETL_220531_OG42_None_0571-F172-00,P1120252,NA,
246,SP05-ETL_220531_OG42_None_0571-F172-00,P1120254,NA,
247,SP05-ETL_220531_OG42_None_0571-F172-00,P1120256,NA,
248,SP05-ETL_220531_OG42_None_0571-F172-00,P1120257,NA,not recognize
249,SP05-ETL_220531_OG42_None_0571-F172-00,P1120258,NA,
250,SP05-ETL_220531_OG42_None_0571-F172-00,P1120259,NA,
251,SP05-ETL_220531_OG42_None_0571-F173-00,P1120260,NA,
252,SP05-ETL_220531_OG42_None_0571-F174-00,P1120264,NA,
253,SP05-ETL_220531_OG42_None_0571-F175-00,P1120269,NA,"one leaf not measured, shadow, square not correct"
254,SP05-ETL_220531_OG42_None_0571-F176-00,P1120272,NA,no square recognized
255,SP05-ETL_220531_OG42_None_0571-F177-00,P1120273,NA,wrong
256,SP05-ETL_220531_OG42_None_0571-F178-00,P1120277,NA,
257,SP05-ETL_220531_OG42_None_0571-F179-00,P1120284,NA,
258,SP05-ETL_220531_OG42_None_0571-F179-00,P1120285,NA,margin shadows
259,SP05-ETL_220531_OG42_None_0571-F180-00,P1120288,NA,
260,SP05-ETL_220531_OG42_None_0571-F180-00,P1120289,NA,margin shadow
261,SP05-ETL_220531_OG42_None_0571-F181-00,P1120293,NA,two leaves not recognized
262,SP05-ETL_220531_OG42_None_0571-F182-00,P1120296,NA,not good
263,SP05-ETL_220531_OG42_None_0571-F183-00,P1120297,NA,shadow
264,SP05-ETL_220531_OG42_None_0571-F184-00,P1120298,NA,
265,SP05-ETL_220531_OG42_None_0571-F185-00,P1120301,NA,reflection 
266,SP05-ETL_220531_OG42_None_0571-F185-00,P1120302,NA,
267,SP05-ETL_220531_OG42_None_0571-F186-00,P1120308,NA,not all leaves measured
268,SP05-ETL_220601_PR27_None_0576-F187-00,P6020944,NA,
269,SP05-ETL_220601_PR27_None_0576-F188-00,P6020946,NA,
270,SP05-ETL_220601_PR27_None_0576-F188-00,P6020947,NA,
271,SP05-ETL_220601_PR27_None_0576-F189-00,P6020948,NA,
272,SP05-ETL_220601_PR27_None_0576-F189-00,P6020949,NA,
273,SP05-ETL_220601_PR27_None_0576-F190-00,P6020950,NA,
274,SP05-ETL_220601_PR27_None_0576-F190-00,P6020951,NA,
275,SP05-ETL_220601_PR27_None_0576-F191-00,P6020954,NA,
276,SP05-ETL_220601_PR27_None_0576-F192-00,P6020955,NA,
277,SP05-ETL_220601_PR27_None_0576-F193-00,NA,NA,
278,SP05-ETL_220602_PA53_None_0582-F194-00,NA,NA,
279,SP05-ETL_220602_PA53_None_0582-F195-00,NA,NA,
280,SP05-ETL_220602_PA53_None_0582-F196-00,P1120390,NA,"pics missing, now in"
281,SP05-ETL_220602_PA53_None_0582-F196-00,P1120391,NA,"pics missing, now in"
282,SP05-ETL_220602_PA53_None_0582-F197-00,P1120393,NA,"pics missing, now in"
283,SP05-ETL_220602_PA53_None_0582-F197-00,P1120394,NA,"pics missing, now in"
284,SP05-ETL_220602_PA53_None_0582-F197-00,P1120395,NA,"pics missing, now in"
285,SP05-ETL_220602_PA53_None_0582-F197-00,P1120396,NA,"pics missing, now in"
286,SP05-ETL_220602_PA53_None_0582-F198-00,P1120401,NA,"pics missing, now in"
287,SP05-ETL_220602_PA53_None_0582-F199-00,P1120408,NA,"pics missing, now in"
288,SP05-ETL_220602_PA53_None_0582-F200-00,NA,NA,
289,SP05-ETL_220604_OG47_None_0606-F201-00,P1120500,NA,leaf out of margin
290,SP05-ETL_220604_OG47_None_0606-F201-00,P1120502,NA,square wrong selection
291,SP05-ETL_220604_OG47_None_0606-F201-00,P1120503,NA,"square wrong selection, not good pic"
292,SP05-ETL_220604_OG47_None_0606-F201-00,P1120504,NA,"square wrong, leaf not recognized"
293,SP05-ETL_220604_OG47_None_0606-F201-00,P1120505,NA,not good
294,SP05-ETL_220604_OG47_None_0606-F202-00,P1120513,NA,no square recognized
295,SP05-ETL_220604_OG47_None_0606-F203-00,P1120514,NA,one leaf not recognized
296,SP05-ETL_220604_OG47_None_0606-F204-00,P1120517,NA,margin shadow
297,SP05-ETL_220604_OG47_None_0606-F205-00,P1120518,NA,margin shadow
298,SP05-ETL_220604_OG47_None_0606-F205-00,P1120519,NA,reflection 
299,SP05-ETL_220604_OG47_None_0606-F206-00,P1120521,NA,margin shadow
300,SP05-ETL_220604_OG47_None_0606-F206-00,P1120522,NA,"leaves not recognized, shadows"
301,SP05-ETL_220604_OG47_None_0606-F207-00,P1120523,NA,"shadow, light"
302,SP05-ETL_220604_OG47_None_0606-F208-00,P1120524,NA,margin shadow
303,SP05-ETL_220604_OG47_None_0606-F209-00,P1120525,NA,margin shadow
304,SP05-ETL_220604_OG47_None_0606-F209-00,P1120526,NA,reflection 
305,SP05-ETL_220604_OG47_None_0606-F209-00,P1120527,NA,reflection 
306,SP05-ETL_220604_OG47_None_0606-F209-00,P1120528,NA,reflection 
307,SP05-ETL_220604_OG47_None_0606-F209-00,P1120529,NA,"shadwo, reflection"
308,SP05-ETL_220604_OG47_None_0606-F210-00,P1120530,NA,"shadwo, reflection"
309,SP05-ETL_220604_OG47_None_0606-F211-00,P1120532,NA,"shadwo, reflection"
310,SP05-ETL_220604_OG47_None_0606-F212-00,P1120536,NA,
311,SP05-ETL_YY0630_CR06_None_0621-F213-00,P1120590,P1120593,last pic missing measurment
312,SP05-ETL_YY0630_CR06_None_0621-F214-00,P1120599,NA,light
313,SP05-ETL_YY0630_CR06_None_0621-F215-00,P1120602,P1120603,"light, shadows,2nd pic missing"
314,SP05-ETL_YY0630_CR06_None_0621-F216-00,P1120604,NA,shadow
315,SP05-ETL_YY0630_CR06_None_0621-F217-00,P1120605,NA,flash
316,SP05-ETL_YY0630_CR06_None_0621-F218-00,P1120608,NA,
317,SP05-ETL_YY0630_CR06_None_0621-F218-00,P1120609,NA,
318,SP05-ETL_YY0630_CR06_None_0621-F218-00,P1120610,NA,
319,SP05-ETL_YY0630_CR06_None_0621-F219-00,P1120611,NA,
320,SP05-ETL_YY0630_CR06_None_0621-F220-00,P1120612,NA,
321,SP05-ETL_YY0630_CR06_None_0621-F221-00,P1120613,NA,
322,SP05-ETL_YY0630_CR06_None_0621-F222-00,P1120614,NA,
324,SP05-ETL_YY0630_CR06_None_0621-F222-00,P1120615,NA,
325,SP05-ETL_YY0630_CR06_None_0621-F223-00,P1120616,NA,
326,SP05-ETL_YY0705_CR04_None_0662-F224-00,P1120980,NA,
327,SP05-ETL_YY0705_CR04_None_0662-F225-00,P1120981,NA,
328,SP05-ETL_YY0705_CR04_None_0662-F226-00,P1120982,NA,
329,SP05-ETL_YY0705_CR04_None_0662-F227-00,P1120983,NA,
330,SP05-ETL_YY0705_CR04_None_0662-F227-00,P1120984,NA,
331,SP05-ETL_YY0705_CR04_None_0662-F227-00,P1120985,NA,
332,SP05-ETL_YY0705_CR04_None_0662-F228-00,P1120987,NA,
333,SP05-ETL_YY0705_CR04_None_0662-F228-00,P1120988,NA,
334,SP05-ETL_YY0705_CR04_None_0662-F229-00,P1120989,NA,
335,SP05-ETL_YY0705_CR04_None_0662-F229-00,P1120990,NA,
336,SP05-ETL_YY0705_CR04_None_0662-F230-00,P1120991,NA,
337,SP05-ETL_YY0705_CR04_None_0662-F231-00,P1120993,NA,
338,SP05-ETL_YY0705_CR04_None_0662-F232-00,P1120994,NA,
339,SP05-ETL_YY0705_CR04_None_0662-F233-00,P1120996,NA,
340,SP05-ETL_YY0705_CR04_None_0662-F234-00,P1120997,NA,
341,SP05-ETL_YY0705_CR04_None_0662-F235-00,P1120998,NA,
342,SP05-ETL_YY0705_CR04_None_0662-F235-00,P1120999,NA,
343,SP05-ETL_YY0705_CR04_None_0662-F236-00,P1130001,NA,
344,SP05-ETL_YY0705_CR04_None_0662-F236-00,P1130002,NA,
345,SP05-ETL_YY0705_CR04_None_0662-F236-00,P1130003,NA,
346,SP05-ETL_YY0705_CR04_None_0662-F237-00,P1130004,NA,
347,SP05-ETL_YY0705_CR04_None_0662-F238-00,P1130005,NA,
348,SP05-ETL_YY0705_CR04_None_0662-F239-00,P1130006,NA,
349,SP05-ETL_YY0705_CR04_None_0662-F240-00,P1130007,NA,
350,SP05-ETL_YY0705_CR04_None_0662-F241-00,P1130008,NA,
351,SP05-ETL_YY0705_CR04_None_0662-F242-00,P1130009,NA,
352,SP05-ETL_YY0705_CR04_None_0662-F242-00,P1130010,NA,
353,SP05-ETL_YY0705_CR04_None_0662-F242-00,P1130011,NA,
354,SP05-ETL_YY0705_CR04_None_0662-F243-00,P1130012,NA,
355,SP05-ETL_YY0705_CR04_None_0662-F244-00,P1130013,NA,
356,SP05-ETL_YY0705_CR04_None_0662-F244-00,P1130014,NA,
357,SP05-ETL_YY0705_CR04_None_0662-F245-00,P1130015,NA,
358,SP05-ETL_YY0705_CR04_None_0662-F246-00,P1130016,NA,
359,SP05-ETL_YY0705_CR04_None_0662-F247-00,P1130017,NA,
360,SP05-ETL_YY0705_CR04_None_0662-F248-00,P1130018,NA,
361,SP05-ETL_YY0705_CR04_None_0662-F249-00,P1130019,NA,
362,SP05-ETL_YY0705_CR04_None_0662-F250-00,P1130020,P1130021,
363,SP05-ETL_YY0705_CR04_None_0662-F250-00,P1130023,P1130025,
364,SP05-ETL_YY0705_CR04_None_0662-F250-00,P1130026,P1130027,
365,SP05-ETL_YY0708_OG49_None_0770-F251-00,P1130249,NA,
366,SP05-ETL_YY0708_OG49_None_0770-F251-00,P1130250,NA,
367,SP05-ETL_YY0708_OG49_None_0770-F251-00,P1130251,NA,
368,SP05-ETL_YY0708_OG49_None_0770-F251-00,P1130253,NA,
369,SP05-ETL_YY0708_OG49_None_0770-F252-00,P1130256,NA,
370,SP05-ETL_YY0708_OG49_None_0770-F252-00,P1130257,NA,
371,SP05-ETL_YY0708_OG49_None_0770-F253-00,P1130258,NA,
372,SP05-ETL_YY0708_OG49_None_0770-F254-00,P1130261,NA,
373,SP05-ETL_YY0708_OG49_None_0770-F254-00,P1130262,NA,
374,SP05-ETL_YY0708_OG49_None_0770-F255-00,P1130265,P1130266,
375,SP05-ETL_YY0708_OG49_None_0770-F256-00,P1130268,NA,
376,SP05-ETL_YY0708_OG49_None_0770-F256-00,P1130269,NA,
377,SP05-ETL_YY0708_OG49_None_0770-F257-00,P1130270,NA,
378,SP05-ETL_YY0708_OG49_None_0770-F258-00,P1130271,NA,
379,SP05-ETL_YY0708_OG49_None_0770-F259-00,P1130273,NA,
380,SP05-ETL_YY0708_OG49_None_0770-F260-00,P1130274,NA,
381,SP05-ETL_YY0708_OG49_None_0770-F261-00,P1130275,P1130276,
382,SP05-ETL_YY0708_OG49_None_0770-F261-00,P1130277,NA,
383,SP05-ETL_YY0708_OG49_None_0770-F261-00,P1130278,NA,
384,SP05-ETL_YY0708_OG49_None_0770-F262-00,P1130283,NA,
385,SP05-ETL_YY0708_OG49_None_0770-F262-00,P1130284,NA,
386,SP05-ETL_YY0708_OG49_None_0770-F263-00,P1130289,P1130290,
388,SP05-ETL_YY0709_OG52_None_0788-F265-00,P1130453,NA,
389,SP05-ETL_YY0709_OG52_None_0788-F266-00,P1130454,NA,
390,SP05-ETL_YY0709_OG52_None_0788-F267-00,P1130455,NA,
391,SP05-ETL_YY0709_OG52_None_0788-F268-00,P1130456,NA,
392,SP05-ETL_YY0709_OG52_None_0788-F269-00,P1130457,NA,
393,SP05-ETL_YY0709_OG52_None_0788-F270-00,P1130458,NA,
394,SP05-ETL_YY0709_OG52_None_0788-F271-00,P1130459,NA,
395,SP05-ETL_YY0709_OG52_None_0788-F271-00,P1130460,P1130461,
396,SP05-ETL_YY0709_OG52_None_0788-F271-00,P1130462,NA,
397,SP05-ETL_YY0709_OG52_None_0788-F272-00,P1130463,NA,
398,SP05-ETL_YY0709_OG52_None_0788-F273-00,P1130464,NA,
399,SP05-ETL_YY0709_OG52_None_0788-F274-00,P1130465,NA,
400,SP05-ETL_YY0709_OG52_None_0788-F275-00,P1130466,NA,
401,SP05-ETL_YY0711_PR36_None_0802-F276-00,P1130512,NA,
402,SP05-ETL_YY0711_PR36_None_0802-F277-00,P1130514,NA,
403,SP05-ETL_YY0711_PR36_None_0802-F278-00,P1130515,NA,
404,SP05-ETL_YY0711_PR36_None_0802-F278-00,P1130516,NA,
405,SP05-ETL_YY0711_PR36_None_0802-F278-00,P1130517,NA,
406,SP05-ETL_YY0711_PR36_None_0802-F279-00,P1130518,NA,
407,SP05-ETL_YY0711_PR36_None_0802-F279-00,P1130519,NA,
408,SP05-ETL_YY0711_PR36_None_0802-F280-00,P1130521,NA,
409,SP05-ETL_YY0711_PR36_None_0802-F281-00,P1130522,NA,
410,SP05-ETL_YY0711_PR36_None_0802-F282-00,P1130526,NA,
411,SP05-ETL_YY0711_PR36_None_0802-F282-00,P1130527,NA,
412,SP05-ETL_YY0711_PR36_None_0802-F282-00,P1130528,NA,
413,SP05-ETL_YY0711_PR36_None_0802-F283-00,P1130532,NA,
414,SP05-ETL_YY0711_PR36_None_0802-F283-00,P1130533,NA,
415,SP05-ETL_YY0711_PR36_None_0802-F283-00,P1130534,NA,
416,SP05-ETL_YY0711_PR36_None_0802-F284-00,P1130535,P1130536,
417,SP05-ETL_YY0712_PR34_None_0825-F285-00,P1130673,NA,
418,SP05-ETL_YY0712_PR34_None_0825-F286-00,P1130677,P1130678,
419,SP05-ETL_YY0712_PR34_None_0825-F286-00,P1130675,NA,
420,SP05-ETL_YY0712_PR34_None_0825-F287-00,P1130679,NA,
421,SP05-ETL_YY0712_PR34_None_0825-F288-00,P1130686,NA,
422,SP05-ETL_YY0712_PR34_None_0825-F289-00,P1130687,NA,
423,SP05-ETL_YY0712_PR34_None_0825-F289-00,P1130692,NA,
424,SP05-ETL_YY0712_PR34_None_0825-F289-00,P1130693,NA,
425,SP05-ETL_YY0712_PR34_None_0825-F289-00,P1130694,P1130695,
426,SP05-ETL_YY0712_PR34_None_0825-F290-00,P1130701,NA,
427,SP05-ETL_YY0712_PR34_None_0825-F290-00,P1130703,NA,
428,SP05-ETL_YY0712_PR34_None_0825-F291-00,P1130706,NA,
429,SP05-ETL_YY0712_PR34_None_0825-F292-00,P1130707,NA,
430,SP05-ETL_YY0712_PR34_None_0825-F293-00,P1130708,NA,
431,SP05-ETL_YY0712_PR34_None_0825-F293-00,P1130710,NA,
432,SP05-ETL_YY0712_PR34_None_0825-F294-00,P1130711,NA,
433,SP05-ETL_YY0712_PR34_None_0825-F294-00,P1130713,NA,
434,SP05-ETL_YY0712_PR34_None_0825-F294-00,P1130714,NA,
435,SP05-ETL_YY0712_PR34_None_0825-F295-00,P1130716,NA,
436,SP05-ETL_YY0712_PR34_None_0825-F295-00,P1130717,NA,
437,SP05-ETL_YY0712_PR34_None_0825-F295-00,P1130718,P1130719,
438,SP05-ETL_YY0712_PR34_None_0825-F295-00,P1130721,NA,
439,SP05-ETL_YY0712_PR34_None_0825-F295-00,P1130722,P1130723,
440,SP05-ETL_YY0712_PR34_None_0825-F296-00,P1130728,NA,
441,SP05-ETL_YY0712_PR34_None_0825-F296-00,P1130730,NA,
442,SP05-ETL_YY0712_PR34_None_0825-F296-00,P1130731,P1130733,
443,SP05-ETL_YY0712_PR34_None_0825-F296-00,P1130737,NA,
444,SP05-ETL_YY0712_PR34_None_0825-F297-00,P1130743,NA,
445,SP05-ETL_YY0717_PR26_None_0853-F298-00,P1130891,NA,
446,SP05-ETL_YY0717_PR26_None_0853-F298-00,P1130892,NA,
447,SP05-ETL_YY0717_PR26_None_0853-F299-00,P1130897,NA,
448,SP05-ETL_YY0717_PR26_None_0853-F300-00,P1130904,NA,
449,SP05-ETL_YY0717_PR26_None_0853-F301-00,P1130909,NA,
450,SP05-ETL_YY0717_PR26_None_0853-F302-00,P1130916,NA,
451,SP05-ETL_YY0717_PR26_None_0853-F303-00,P1130930,NA,
452,SP05-ETL_YY0717_PR26_None_0853-F304-00,P1130936,NA,
453,SP05-ETL_YY0717_PR26_None_0853-F305-00,P1130937,NA,
454,SP05-ETL_YY0717_PR26_None_0853-F306-00,P1130938,NA,
455,SP05-ETL_YY0717_PR26_None_0853-F306-00,P1130939,NA,
456,SP05-ETL_YY0717_PR26_None_0853-F307-00,P1130946,NA,
457,SP05-ETL_YY0717_PR26_None_0853-F308-00,P1130953,NA,
458,SP05-ETL_YY0717_PR26_None_0853-F309-00,P1130960,NA,
459,SP05-ETL_YY0717_PR26_None_0853-F310-00,P1130966,NA,
460,SP05-ETL_YY0717_PR26_None_0853-F311-00,P1130967,NA,
461,SP05-ETL_YY0717_PR26_None_0853-F311-00,P1130968,NA,
462,SP05-ETL_YY0717_PR26_None_0853-F312-00,P1130973,P1130974,
463,SP05-ETL_YY0717_PR26_None_0853-F313-00,P1130980,NA,
464,SP05-ETL_YY0717_PR26_None_0853-F313-00,P1130981,NA,
465,SP05-ETL_YY0719_PR22_None_0899-F314-00,P1140115,NA,
466,SP05-ETL_YY0719_PR22_None_0899-F315-00,P1140116,NA,
467,SP05-ETL_YY0719_PR22_None_0899-F315-00,P1140117,NA,
468,SP05-ETL_YY0807_OG42_None_0983-F316-00,P1140329,NA,
469,SP05-ETL_YY0807_OG42_None_0983-F317-00,P1140333,NA,
470,SP05-ETL_YY0807_OG42_None_0983-F317-00,P1140334,NA,
471,SP05-ETL_YY0807_OG42_None_0983-F317-00,P1140335,NA,
472,SP05-ETL_YY0807_OG42_None_0983-F317-00,P1140336,P1140337,
473,SP05-ETL_YY0807_OG42_None_0983-F318-00,P1140338,NA,
474,SP05-ETL_YY0807_OG42_None_0983-F319-00,P1140339,NA,
475,SP05-ETL_YY0807_OG42_None_0983-F319-00,P1140340,NA,
476,SP05-ETL_YY0807_OG42_None_0983-F319-00,P1140341,NA,
477,SP05-ETL_YY0807_OG42_None_0983-F320-00,P1140342,NA,
478,SP05-ETL_YY0807_OG42_None_0983-F321-00,P1140343,NA,
479,SP05-ETL_YY0807_OG42_None_0983-F322-00,P1140344,NA,
480,SP05-ETL_YY0807_OG42_None_0983-F323-00,P1140345,NA,
481,SP05-ETL_YY0807_OG42_None_0983-F324-00,P1140346,NA,
482,SP05-ETL_YY0807_OG42_None_0983-F324-00,P1140347,NA,
483,SP05-ETL_YY0807_OG42_None_0983-F325-00,P1140348,P1140351,
484,SP05-ETL_YY0807_OG42_None_0983-F325-00,P1140352,P1140356,
485,SP05-ETL_YY0807_OG42_None_0983-F325-00,P1140357,P1140360,
486,SP05-ETL_YY0808_OG41_None_0997-F326-00,P1140482,NA,
487,SP05-ETL_YY0808_OG41_None_0997-F327-00,P1140487,NA,
488,SP05-ETL_YY0808_OG41_None_0997-F328-00,P1140488,NA,
489,SP05-ETL_YY0808_OG41_None_0997-F328-00,P1140489,NA,
490,SP05-ETL_YY0808_OG41_None_0997-F329-00,P1140490,NA,
491,SP05-ETL_YY0808_OG41_None_0997-F329-00,P1140491,NA,
492,SP05-ETL_YY0808_OG41_None_0997-F329-00,P1140492,P1140494,
493,SP05-ETL_YY0808_OG41_None_0997-F330-00,P1140495,P1140496,
494,SP05-ETL_YY0808_OG41_None_0997-F330-00,P1140497,P1140501,
495,SP05-ETl_YY0811_OG47_None_1012-F333-00,P1140726,NA,
496,SP05-ETl_YY0811_OG47_None_1012-F334-00,P1140727,NA,
497,SP05-ETl_YY0811_OG47_None_1012-F335-00,P1140728,NA,
498,SP05-ETl_YY0811_OG47_None_1012-F336-00,P1140729,NA,
499,SP05-ETl_YY0811_OG47_None_1012-F336-00,P1140730,NA,
500,SP05-ETl_YY0811_OG47_None_1012-F337-00,P1140731,P1140733,
501,SP05-ETl_YY0811_OG47_None_1012-F337-00,P1140734,P1140735,
502,SP05-ETl_YY0811_OG47_None_1012-F337-00,P1140736,P1140738,
503,SP05-ETL_YY0812_CR11_None_1062-F338-00,P1140941,NA,
504,SP05-ETL_YY0812_CR11_None_1062-F338-00,P1140942,NA,
505,SP05-ETL_YY0812_CR11_None_1062-F339-00,P1140943,NA,
506,SP05-ETL_YY0812_CR11_None_1062-F339-00,P1140944,NA,
507,SP05-ETl_YY0811_OG47_None_1012-F331-00,P1140717,NA,
508,SP05-ETl_YY0811_OG47_None_1012-F331-00,P1140718,NA,
509,SP05-ETl_YY0811_OG47_None_1012-F331-00,P1140719,NA,
510,SP05-ETl_YY0811_OG47_None_1012-F331-00,P1140720,NA,
511,SP05-ETl_YY0811_OG47_None_1012-F331-00,P1140721,NA,
512,SP05-ETl_YY0811_OG47_None_1012-F331-00,P1140722,NA,
513,SP05-ETl_YY0811_OG47_None_1012-F332-00,P1140723,NA,
514,SP05-ETl_YY0811_OG47_None_1012-F332-00,P1140724,NA,
515,SP05-ETl_YY0811_OG47_None_1012-F332-00,P1140725,NA,
516,SP05-ETL_YY0813_OG46_None_1090-F340-00,P1150197,NA,
517,SP05-ETL_YY0813_OG46_None_1090-F340-00,P1150198,NA,
518,SP05-ETL_YY0813_OG46_None_1090-F340-00,P1150199,NA,
519,SP05-ETL_YY0813_OG46_None_1090-F340-00,P1150200,NA,
520,SP05-ETL_YY0813_OG46_None_1090-F340-00,P1150201,NA,
521,SP05-ETL_YY0813_OG46_None_1090-F340-00,P1150202,NA,
522,SP05-ETL_YY0813_OG46_None_1090-F341-00,P1150206,NA,
523,SP05-ETL_YY0813_OG46_None_1090-F342-00,P1150207,NA,
524,SP05-ETL_YY0813_OG46_None_1090-F342-00,P1150208,NA,
525,SP05-ETL_YY0813_OG46_None_1090-F342-00,P1150209,NA,
526,SP05-ETL_YY0813_OG46_None_1090-F342-00,P1150213,NA,
527,SP05-ETL_YY0813_OG46_None_1090-F343-00,P1150214,NA,
528,SP05-ETL_YY0813_OG46_None_1090-F344-00,P1150216,NA,
529,SP05-ETL_YY0813_OG46_None_1090-F345-00,P1150217,NA,
530,SP05-ETL_YY0813_OG46_None_1090-F346-00,P1150218,NA,
531,SP05-ETL_YY0813_OG46_None_1090-F346-00,P1150219,NA,
532,SP05-ETL_YY0813_OG46_None_1090-F346-00,P1150220,NA,
533,SP05-ETL_YY0813_OG46_None_1090-F347-00,P1150221,NA,
534,SP05-ETL_YY0813_OG46_None_1090-F348-00,P1150222,NA,
535,SP05-ETL_YY0813_OG46_None_1090-F348-00,P1150223,NA,
536,SP05-ETL_YY0813_OG46_None_1090-F348-00,P1150224,NA,
537,SP05-ETL_YY0813_OG46_None_1090-F349-00,P1150225,NA,
538,SP05-ETL_YY0813_OG46_None_1090-F350-00,P1150226,NA,
539,SP05-ETL_YY0813_OG46_None_1090-F351-00,P1150227,P1150228,
540,SP05-ETL_YY0813_OG46_None_1090-F352-00,P1150229,NA,
541,SP05-ETL_YY0813_OG46_None_1090-F353-00,P1150230,NA,
542,SP05-ETL_YY0813_OG46_None_1090-F354-00,P1150231,NA,
543,SP05-ETL_YY0813_OG46_None_1090-F355-00,P1150232,NA,
